--
-- PostgreSQL database dump
--

-- Dumped from database version 14.17 (Homebrew)
-- Dumped by pg_dump version 14.17 (Homebrew)

SET statement_timeout = 0;
SET lock_timeout = 0;
SET idle_in_transaction_session_timeout = 0;
SET client_encoding = 'UTF8';
SET standard_conforming_strings = on;
SELECT pg_catalog.set_config('search_path', '', false);
SET check_function_bodies = false;
SET xmloption = content;
SET client_min_messages = warning;
SET row_security = off;

SET default_tablespace = '';

SET default_table_access_method = heap;

--
-- Name: TaskFlow_comentario; Type: TABLE; Schema: public; Owner: postgres
--

CREATE TABLE public."TaskFlow_comentario" (
    id bigint NOT NULL,
    contenido text NOT NULL,
    fecha_creacion timestamp with time zone NOT NULL,
    tarea_id bigint NOT NULL,
    usuario_id bigint NOT NULL
);


ALTER TABLE public."TaskFlow_comentario" OWNER TO postgres;

--
-- Name: TaskFlow_comentario_id_seq; Type: SEQUENCE; Schema: public; Owner: postgres
--

ALTER TABLE public."TaskFlow_comentario" ALTER COLUMN id ADD GENERATED BY DEFAULT AS IDENTITY (
    SEQUENCE NAME public."TaskFlow_comentario_id_seq"
    START WITH 1
    INCREMENT BY 1
    NO MINVALUE
    NO MAXVALUE
    CACHE 1
);


--
-- Name: TaskFlow_grupo; Type: TABLE; Schema: public; Owner: postgres
--

CREATE TABLE public."TaskFlow_grupo" (
    id bigint NOT NULL,
    nombre character varying(255) NOT NULL,
    descripcion text,
    proyecto_id bigint
);


ALTER TABLE public."TaskFlow_grupo" OWNER TO postgres;

--
-- Name: TaskFlow_grupo_id_seq; Type: SEQUENCE; Schema: public; Owner: postgres
--

ALTER TABLE public."TaskFlow_grupo" ALTER COLUMN id ADD GENERATED BY DEFAULT AS IDENTITY (
    SEQUENCE NAME public."TaskFlow_grupo_id_seq"
    START WITH 1
    INCREMENT BY 1
    NO MINVALUE
    NO MAXVALUE
    CACHE 1
);


--
-- Name: TaskFlow_grupo_usuarios; Type: TABLE; Schema: public; Owner: postgres
--

CREATE TABLE public."TaskFlow_grupo_usuarios" (
    id bigint NOT NULL,
    grupo_id bigint NOT NULL,
    usuario_id bigint NOT NULL
);


ALTER TABLE public."TaskFlow_grupo_usuarios" OWNER TO postgres;

--
-- Name: TaskFlow_grupo_usuarios_id_seq; Type: SEQUENCE; Schema: public; Owner: postgres
--

ALTER TABLE public."TaskFlow_grupo_usuarios" ALTER COLUMN id ADD GENERATED BY DEFAULT AS IDENTITY (
    SEQUENCE NAME public."TaskFlow_grupo_usuarios_id_seq"
    START WITH 1
    INCREMENT BY 1
    NO MINVALUE
    NO MAXVALUE
    CACHE 1
);


--
-- Name: TaskFlow_mensaje; Type: TABLE; Schema: public; Owner: postgres
--

CREATE TABLE public."TaskFlow_mensaje" (
    id bigint NOT NULL,
    contenido text NOT NULL,
    fecha_envio timestamp with time zone NOT NULL,
    grupo_id bigint,
    usuario_emisor_id bigint NOT NULL,
    usuario_receptor_id bigint
);


ALTER TABLE public."TaskFlow_mensaje" OWNER TO postgres;

--
-- Name: TaskFlow_mensaje_id_seq; Type: SEQUENCE; Schema: public; Owner: postgres
--

ALTER TABLE public."TaskFlow_mensaje" ALTER COLUMN id ADD GENERATED BY DEFAULT AS IDENTITY (
    SEQUENCE NAME public."TaskFlow_mensaje_id_seq"
    START WITH 1
    INCREMENT BY 1
    NO MINVALUE
    NO MAXVALUE
    CACHE 1
);


--
-- Name: TaskFlow_notificacion; Type: TABLE; Schema: public; Owner: postgres
--

CREATE TABLE public."TaskFlow_notificacion" (
    id bigint NOT NULL,
    mensaje character varying(255) NOT NULL,
    fecha timestamp with time zone NOT NULL,
    leida boolean NOT NULL,
    usuario_id bigint NOT NULL
);


ALTER TABLE public."TaskFlow_notificacion" OWNER TO postgres;

--
-- Name: TaskFlow_notificacion_id_seq; Type: SEQUENCE; Schema: public; Owner: postgres
--

ALTER TABLE public."TaskFlow_notificacion" ALTER COLUMN id ADD GENERATED BY DEFAULT AS IDENTITY (
    SEQUENCE NAME public."TaskFlow_notificacion_id_seq"
    START WITH 1
    INCREMENT BY 1
    NO MINVALUE
    NO MAXVALUE
    CACHE 1
);


--
-- Name: TaskFlow_proyecto; Type: TABLE; Schema: public; Owner: postgres
--

CREATE TABLE public."TaskFlow_proyecto" (
    id bigint NOT NULL,
    nombre character varying(255) NOT NULL,
    descripcion text NOT NULL,
    fecha_inicio date NOT NULL,
    fecha_fin date NOT NULL,
    estado character varying(20) NOT NULL
);


ALTER TABLE public."TaskFlow_proyecto" OWNER TO postgres;

--
-- Name: TaskFlow_proyecto_id_seq; Type: SEQUENCE; Schema: public; Owner: postgres
--

ALTER TABLE public."TaskFlow_proyecto" ALTER COLUMN id ADD GENERATED BY DEFAULT AS IDENTITY (
    SEQUENCE NAME public."TaskFlow_proyecto_id_seq"
    START WITH 1
    INCREMENT BY 1
    NO MINVALUE
    NO MAXVALUE
    CACHE 1
);


--
-- Name: TaskFlow_proyecto_usuarios; Type: TABLE; Schema: public; Owner: postgres
--

CREATE TABLE public."TaskFlow_proyecto_usuarios" (
    id bigint NOT NULL,
    proyecto_id bigint NOT NULL,
    usuario_id bigint NOT NULL
);


ALTER TABLE public."TaskFlow_proyecto_usuarios" OWNER TO postgres;

--
-- Name: TaskFlow_proyecto_usuarios_id_seq; Type: SEQUENCE; Schema: public; Owner: postgres
--

ALTER TABLE public."TaskFlow_proyecto_usuarios" ALTER COLUMN id ADD GENERATED BY DEFAULT AS IDENTITY (
    SEQUENCE NAME public."TaskFlow_proyecto_usuarios_id_seq"
    START WITH 1
    INCREMENT BY 1
    NO MINVALUE
    NO MAXVALUE
    CACHE 1
);


--
-- Name: TaskFlow_rol; Type: TABLE; Schema: public; Owner: postgres
--

CREATE TABLE public."TaskFlow_rol" (
    id bigint NOT NULL,
    nombre character varying(50) NOT NULL,
    descripcion text
);


ALTER TABLE public."TaskFlow_rol" OWNER TO postgres;

--
-- Name: TaskFlow_rol_id_seq; Type: SEQUENCE; Schema: public; Owner: postgres
--

ALTER TABLE public."TaskFlow_rol" ALTER COLUMN id ADD GENERATED BY DEFAULT AS IDENTITY (
    SEQUENCE NAME public."TaskFlow_rol_id_seq"
    START WITH 1
    INCREMENT BY 1
    NO MINVALUE
    NO MAXVALUE
    CACHE 1
);


--
-- Name: TaskFlow_tarea; Type: TABLE; Schema: public; Owner: postgres
--

CREATE TABLE public."TaskFlow_tarea" (
    id bigint NOT NULL,
    nombre character varying(255) NOT NULL,
    descripcion text NOT NULL,
    fecha_limite date NOT NULL,
    estado character varying(20) NOT NULL,
    asignado_a_id bigint,
    proyecto_id bigint NOT NULL
);


ALTER TABLE public."TaskFlow_tarea" OWNER TO postgres;

--
-- Name: TaskFlow_tarea_id_seq; Type: SEQUENCE; Schema: public; Owner: postgres
--

ALTER TABLE public."TaskFlow_tarea" ALTER COLUMN id ADD GENERATED BY DEFAULT AS IDENTITY (
    SEQUENCE NAME public."TaskFlow_tarea_id_seq"
    START WITH 1
    INCREMENT BY 1
    NO MINVALUE
    NO MAXVALUE
    CACHE 1
);


--
-- Name: TaskFlow_tarea_usuarios_asignados; Type: TABLE; Schema: public; Owner: postgres
--

CREATE TABLE public."TaskFlow_tarea_usuarios_asignados" (
    id bigint NOT NULL,
    tarea_id bigint NOT NULL,
    usuario_id bigint NOT NULL
);


ALTER TABLE public."TaskFlow_tarea_usuarios_asignados" OWNER TO postgres;

--
-- Name: TaskFlow_tarea_usuarios_asignados_id_seq; Type: SEQUENCE; Schema: public; Owner: postgres
--

ALTER TABLE public."TaskFlow_tarea_usuarios_asignados" ALTER COLUMN id ADD GENERATED BY DEFAULT AS IDENTITY (
    SEQUENCE NAME public."TaskFlow_tarea_usuarios_asignados_id_seq"
    START WITH 1
    INCREMENT BY 1
    NO MINVALUE
    NO MAXVALUE
    CACHE 1
);


--
-- Name: TaskFlow_usuario; Type: TABLE; Schema: public; Owner: postgres
--

CREATE TABLE public."TaskFlow_usuario" (
    id bigint NOT NULL,
    password character varying(128) NOT NULL,
    last_login timestamp with time zone,
    is_superuser boolean NOT NULL,
    username character varying(150) NOT NULL,
    first_name character varying(150) NOT NULL,
    last_name character varying(150) NOT NULL,
    email character varying(254) NOT NULL,
    is_staff boolean NOT NULL,
    is_active boolean NOT NULL,
    date_joined timestamp with time zone NOT NULL,
    rol character varying(20) NOT NULL
);


ALTER TABLE public."TaskFlow_usuario" OWNER TO postgres;

--
-- Name: TaskFlow_usuario_groups; Type: TABLE; Schema: public; Owner: postgres
--

CREATE TABLE public."TaskFlow_usuario_groups" (
    id bigint NOT NULL,
    usuario_id bigint NOT NULL,
    group_id integer NOT NULL
);


ALTER TABLE public."TaskFlow_usuario_groups" OWNER TO postgres;

--
-- Name: TaskFlow_usuario_groups_id_seq; Type: SEQUENCE; Schema: public; Owner: postgres
--

ALTER TABLE public."TaskFlow_usuario_groups" ALTER COLUMN id ADD GENERATED BY DEFAULT AS IDENTITY (
    SEQUENCE NAME public."TaskFlow_usuario_groups_id_seq"
    START WITH 1
    INCREMENT BY 1
    NO MINVALUE
    NO MAXVALUE
    CACHE 1
);


--
-- Name: TaskFlow_usuario_id_seq; Type: SEQUENCE; Schema: public; Owner: postgres
--

ALTER TABLE public."TaskFlow_usuario" ALTER COLUMN id ADD GENERATED BY DEFAULT AS IDENTITY (
    SEQUENCE NAME public."TaskFlow_usuario_id_seq"
    START WITH 1
    INCREMENT BY 1
    NO MINVALUE
    NO MAXVALUE
    CACHE 1
);


--
-- Name: TaskFlow_usuario_user_permissions; Type: TABLE; Schema: public; Owner: postgres
--

CREATE TABLE public."TaskFlow_usuario_user_permissions" (
    id bigint NOT NULL,
    usuario_id bigint NOT NULL,
    permission_id integer NOT NULL
);


ALTER TABLE public."TaskFlow_usuario_user_permissions" OWNER TO postgres;

--
-- Name: TaskFlow_usuario_user_permissions_id_seq; Type: SEQUENCE; Schema: public; Owner: postgres
--

ALTER TABLE public."TaskFlow_usuario_user_permissions" ALTER COLUMN id ADD GENERATED BY DEFAULT AS IDENTITY (
    SEQUENCE NAME public."TaskFlow_usuario_user_permissions_id_seq"
    START WITH 1
    INCREMENT BY 1
    NO MINVALUE
    NO MAXVALUE
    CACHE 1
);


--
-- Name: auth_group; Type: TABLE; Schema: public; Owner: postgres
--

CREATE TABLE public.auth_group (
    id integer NOT NULL,
    name character varying(150) NOT NULL
);


ALTER TABLE public.auth_group OWNER TO postgres;

--
-- Name: auth_group_id_seq; Type: SEQUENCE; Schema: public; Owner: postgres
--

ALTER TABLE public.auth_group ALTER COLUMN id ADD GENERATED BY DEFAULT AS IDENTITY (
    SEQUENCE NAME public.auth_group_id_seq
    START WITH 1
    INCREMENT BY 1
    NO MINVALUE
    NO MAXVALUE
    CACHE 1
);


--
-- Name: auth_group_permissions; Type: TABLE; Schema: public; Owner: postgres
--

CREATE TABLE public.auth_group_permissions (
    id bigint NOT NULL,
    group_id integer NOT NULL,
    permission_id integer NOT NULL
);


ALTER TABLE public.auth_group_permissions OWNER TO postgres;

--
-- Name: auth_group_permissions_id_seq; Type: SEQUENCE; Schema: public; Owner: postgres
--

ALTER TABLE public.auth_group_permissions ALTER COLUMN id ADD GENERATED BY DEFAULT AS IDENTITY (
    SEQUENCE NAME public.auth_group_permissions_id_seq
    START WITH 1
    INCREMENT BY 1
    NO MINVALUE
    NO MAXVALUE
    CACHE 1
);


--
-- Name: auth_permission; Type: TABLE; Schema: public; Owner: postgres
--

CREATE TABLE public.auth_permission (
    id integer NOT NULL,
    name character varying(255) NOT NULL,
    content_type_id integer NOT NULL,
    codename character varying(100) NOT NULL
);


ALTER TABLE public.auth_permission OWNER TO postgres;

--
-- Name: auth_permission_id_seq; Type: SEQUENCE; Schema: public; Owner: postgres
--

ALTER TABLE public.auth_permission ALTER COLUMN id ADD GENERATED BY DEFAULT AS IDENTITY (
    SEQUENCE NAME public.auth_permission_id_seq
    START WITH 1
    INCREMENT BY 1
    NO MINVALUE
    NO MAXVALUE
    CACHE 1
);


--
-- Name: django_admin_log; Type: TABLE; Schema: public; Owner: postgres
--

CREATE TABLE public.django_admin_log (
    id integer NOT NULL,
    action_time timestamp with time zone NOT NULL,
    object_id text,
    object_repr character varying(200) NOT NULL,
    action_flag smallint NOT NULL,
    change_message text NOT NULL,
    content_type_id integer,
    user_id bigint NOT NULL,
    CONSTRAINT django_admin_log_action_flag_check CHECK ((action_flag >= 0))
);


ALTER TABLE public.django_admin_log OWNER TO postgres;

--
-- Name: django_admin_log_id_seq; Type: SEQUENCE; Schema: public; Owner: postgres
--

ALTER TABLE public.django_admin_log ALTER COLUMN id ADD GENERATED BY DEFAULT AS IDENTITY (
    SEQUENCE NAME public.django_admin_log_id_seq
    START WITH 1
    INCREMENT BY 1
    NO MINVALUE
    NO MAXVALUE
    CACHE 1
);


--
-- Name: django_content_type; Type: TABLE; Schema: public; Owner: postgres
--

CREATE TABLE public.django_content_type (
    id integer NOT NULL,
    app_label character varying(100) NOT NULL,
    model character varying(100) NOT NULL
);


ALTER TABLE public.django_content_type OWNER TO postgres;

--
-- Name: django_content_type_id_seq; Type: SEQUENCE; Schema: public; Owner: postgres
--

ALTER TABLE public.django_content_type ALTER COLUMN id ADD GENERATED BY DEFAULT AS IDENTITY (
    SEQUENCE NAME public.django_content_type_id_seq
    START WITH 1
    INCREMENT BY 1
    NO MINVALUE
    NO MAXVALUE
    CACHE 1
);


--
-- Name: django_migrations; Type: TABLE; Schema: public; Owner: postgres
--

CREATE TABLE public.django_migrations (
    id bigint NOT NULL,
    app character varying(255) NOT NULL,
    name character varying(255) NOT NULL,
    applied timestamp with time zone NOT NULL
);


ALTER TABLE public.django_migrations OWNER TO postgres;

--
-- Name: django_migrations_id_seq; Type: SEQUENCE; Schema: public; Owner: postgres
--

ALTER TABLE public.django_migrations ALTER COLUMN id ADD GENERATED BY DEFAULT AS IDENTITY (
    SEQUENCE NAME public.django_migrations_id_seq
    START WITH 1
    INCREMENT BY 1
    NO MINVALUE
    NO MAXVALUE
    CACHE 1
);


--
-- Name: django_session; Type: TABLE; Schema: public; Owner: postgres
--

CREATE TABLE public.django_session (
    session_key character varying(40) NOT NULL,
    session_data text NOT NULL,
    expire_date timestamp with time zone NOT NULL
);


ALTER TABLE public.django_session OWNER TO postgres;

--
-- Data for Name: TaskFlow_comentario; Type: TABLE DATA; Schema: public; Owner: postgres
--

COPY public."TaskFlow_comentario" (id, contenido, fecha_creacion, tarea_id, usuario_id) FROM stdin;
\.


--
-- Data for Name: TaskFlow_grupo; Type: TABLE DATA; Schema: public; Owner: postgres
--

COPY public."TaskFlow_grupo" (id, nombre, descripcion, proyecto_id) FROM stdin;
\.


--
-- Data for Name: TaskFlow_grupo_usuarios; Type: TABLE DATA; Schema: public; Owner: postgres
--

COPY public."TaskFlow_grupo_usuarios" (id, grupo_id, usuario_id) FROM stdin;
\.


--
-- Data for Name: TaskFlow_mensaje; Type: TABLE DATA; Schema: public; Owner: postgres
--

COPY public."TaskFlow_mensaje" (id, contenido, fecha_envio, grupo_id, usuario_emisor_id, usuario_receptor_id) FROM stdin;
\.


--
-- Data for Name: TaskFlow_notificacion; Type: TABLE DATA; Schema: public; Owner: postgres
--

COPY public."TaskFlow_notificacion" (id, mensaje, fecha, leida, usuario_id) FROM stdin;
1	Se te ha asignado la tarea 'srgsrthg' en el proyecto '11111'	2025-03-09 12:32:39.883993+01	f	2
2	Se te ha asignado la tarea 'tareas' en el proyecto 'prueba'	2025-03-09 14:32:45.421606+01	f	2
3	Se te ha asignado la tarea 'tarea nueva' en el proyecto 'prueba'	2025-03-09 14:33:30.37564+01	f	1
4	Se te ha asignado la tarea 'tareasppp' en el proyecto 'prueba'	2025-03-09 14:35:00.624193+01	t	1
5	Se te ha asignado la tarea 'maria' en el proyecto 'prueba'	2025-03-09 15:24:00.829973+01	f	1
6	Se te ha asignado la tarea 'tarea3' en el proyecto 'proyecto 3'	2025-03-10 00:05:45.216229+01	f	1
7	Se te ha asignado la tarea 'tarea2' en el proyecto 'prueba'	2025-03-10 00:07:04.744468+01	f	1
\.


--
-- Data for Name: TaskFlow_proyecto; Type: TABLE DATA; Schema: public; Owner: postgres
--

COPY public."TaskFlow_proyecto" (id, nombre, descripcion, fecha_inicio, fecha_fin, estado) FROM stdin;
1	11111	111111	2025-03-10	2025-03-10	activo
2	prueba	probando	2025-03-09	2025-03-10	activo
3	proyecto 3	probando	2025-03-10	2025-03-10	activo
\.


--
-- Data for Name: TaskFlow_proyecto_usuarios; Type: TABLE DATA; Schema: public; Owner: postgres
--

COPY public."TaskFlow_proyecto_usuarios" (id, proyecto_id, usuario_id) FROM stdin;
1	1	2
2	2	1
3	2	2
4	3	1
\.


--
-- Data for Name: TaskFlow_rol; Type: TABLE DATA; Schema: public; Owner: postgres
--

COPY public."TaskFlow_rol" (id, nombre, descripcion) FROM stdin;
\.


--
-- Data for Name: TaskFlow_tarea; Type: TABLE DATA; Schema: public; Owner: postgres
--

COPY public."TaskFlow_tarea" (id, nombre, descripcion, fecha_limite, estado, asignado_a_id, proyecto_id) FROM stdin;
1	gfjytfj	ytfjytfj	2025-03-09	pendiente	2	1
2	srgsrthg	sgrtrgr	2025-03-09	pendiente	2	1
3	tareas	probando	2025-03-09	pendiente	2	2
4	tarea nueva	probando	2025-03-09	pendiente	1	2
5	tareasppp	peoeoeje	2025-03-10	pendiente	1	2
6	maria	probando tareas si aparecen en el navegador	2025-03-10	pendiente	1	2
7	tarea3	tareas3	2025-03-11	pendiente	1	3
8	tarea2	tarea 2	2025-03-11	pendiente	1	2
\.


--
-- Data for Name: TaskFlow_tarea_usuarios_asignados; Type: TABLE DATA; Schema: public; Owner: postgres
--

COPY public."TaskFlow_tarea_usuarios_asignados" (id, tarea_id, usuario_id) FROM stdin;
1	2	2
2	3	1
3	3	2
4	4	1
5	4	2
6	5	1
7	6	1
8	7	1
9	8	1
\.


--
-- Data for Name: TaskFlow_usuario; Type: TABLE DATA; Schema: public; Owner: postgres
--

COPY public."TaskFlow_usuario" (id, password, last_login, is_superuser, username, first_name, last_name, email, is_staff, is_active, date_joined, rol) FROM stdin;
2	pbkdf2_sha256$600000$IQFovCPQddH1VmHVdTT2iD$FVmdIe2JADWAfSzDgHvjsgkb59ei9W9jwZI/C6N23HY=	2025-03-09 17:03:40.20527+01	f	kevin1usuario			andreasierra1223@gmail.com	f	t	2025-03-09 12:19:22.335568+01	member
1	pbkdf2_sha256$600000$8ssU8xSOu3Fqcg3U0bRoJU$9cA/BvIYLLa2/+fO9cSqKcxhRXeGeMlD+zu4mGmbND0=	2025-03-10 00:04:11.64708+01	t	Dandreas			andreasierra1223@gmail.com	t	t	2025-03-09 12:14:39.388517+01	member
\.


--
-- Data for Name: TaskFlow_usuario_groups; Type: TABLE DATA; Schema: public; Owner: postgres
--

COPY public."TaskFlow_usuario_groups" (id, usuario_id, group_id) FROM stdin;
\.


--
-- Data for Name: TaskFlow_usuario_user_permissions; Type: TABLE DATA; Schema: public; Owner: postgres
--

COPY public."TaskFlow_usuario_user_permissions" (id, usuario_id, permission_id) FROM stdin;
\.


--
-- Data for Name: auth_group; Type: TABLE DATA; Schema: public; Owner: postgres
--

COPY public.auth_group (id, name) FROM stdin;
\.


--
-- Data for Name: auth_group_permissions; Type: TABLE DATA; Schema: public; Owner: postgres
--

COPY public.auth_group_permissions (id, group_id, permission_id) FROM stdin;
\.


--
-- Data for Name: auth_permission; Type: TABLE DATA; Schema: public; Owner: postgres
--

COPY public.auth_permission (id, name, content_type_id, codename) FROM stdin;
1	Can add log entry	1	add_logentry
2	Can change log entry	1	change_logentry
3	Can delete log entry	1	delete_logentry
4	Can view log entry	1	view_logentry
5	Can add permission	2	add_permission
6	Can change permission	2	change_permission
7	Can delete permission	2	delete_permission
8	Can view permission	2	view_permission
9	Can add group	3	add_group
10	Can change group	3	change_group
11	Can delete group	3	delete_group
12	Can view group	3	view_group
13	Can add content type	4	add_contenttype
14	Can change content type	4	change_contenttype
15	Can delete content type	4	delete_contenttype
16	Can view content type	4	view_contenttype
17	Can add session	5	add_session
18	Can change session	5	change_session
19	Can delete session	5	delete_session
20	Can view session	5	view_session
21	Can add grupo	6	add_grupo
22	Can change grupo	6	change_grupo
23	Can delete grupo	6	delete_grupo
24	Can view grupo	6	view_grupo
25	Can add proyecto	7	add_proyecto
26	Can change proyecto	7	change_proyecto
27	Can delete proyecto	7	delete_proyecto
28	Can view proyecto	7	view_proyecto
29	Can add rol	8	add_rol
30	Can change rol	8	change_rol
31	Can delete rol	8	delete_rol
32	Can view rol	8	view_rol
33	Can add user	9	add_usuario
34	Can change user	9	change_usuario
35	Can delete user	9	delete_usuario
36	Can view user	9	view_usuario
37	Can add tarea	10	add_tarea
38	Can change tarea	10	change_tarea
39	Can delete tarea	10	delete_tarea
40	Can view tarea	10	view_tarea
41	Can add notificacion	11	add_notificacion
42	Can change notificacion	11	change_notificacion
43	Can delete notificacion	11	delete_notificacion
44	Can view notificacion	11	view_notificacion
45	Can add mensaje	12	add_mensaje
46	Can change mensaje	12	change_mensaje
47	Can delete mensaje	12	delete_mensaje
48	Can view mensaje	12	view_mensaje
49	Can add comentario	13	add_comentario
50	Can change comentario	13	change_comentario
51	Can delete comentario	13	delete_comentario
52	Can view comentario	13	view_comentario
\.


--
-- Data for Name: django_admin_log; Type: TABLE DATA; Schema: public; Owner: postgres
--

COPY public.django_admin_log (id, action_time, object_id, object_repr, action_flag, change_message, content_type_id, user_id) FROM stdin;
\.


--
-- Data for Name: django_content_type; Type: TABLE DATA; Schema: public; Owner: postgres
--

COPY public.django_content_type (id, app_label, model) FROM stdin;
1	admin	logentry
2	auth	permission
3	auth	group
4	contenttypes	contenttype
5	sessions	session
6	TaskFlow	grupo
7	TaskFlow	proyecto
8	TaskFlow	rol
9	TaskFlow	usuario
10	TaskFlow	tarea
11	TaskFlow	notificacion
12	TaskFlow	mensaje
13	TaskFlow	comentario
\.


--
-- Data for Name: django_migrations; Type: TABLE DATA; Schema: public; Owner: postgres
--

COPY public.django_migrations (id, app, name, applied) FROM stdin;
1	contenttypes	0001_initial	2025-03-09 12:08:52.986808+01
2	contenttypes	0002_remove_content_type_name	2025-03-09 12:08:52.992929+01
3	auth	0001_initial	2025-03-09 12:08:53.024757+01
4	auth	0002_alter_permission_name_max_length	2025-03-09 12:08:53.028772+01
5	auth	0003_alter_user_email_max_length	2025-03-09 12:08:53.032984+01
6	auth	0004_alter_user_username_opts	2025-03-09 12:08:53.038301+01
7	auth	0005_alter_user_last_login_null	2025-03-09 12:08:53.042681+01
8	auth	0006_require_contenttypes_0002	2025-03-09 12:08:53.044488+01
9	auth	0007_alter_validators_add_error_messages	2025-03-09 12:08:53.0488+01
10	auth	0008_alter_user_username_max_length	2025-03-09 12:08:53.053297+01
11	auth	0009_alter_user_last_name_max_length	2025-03-09 12:08:53.058109+01
12	auth	0010_alter_group_name_max_length	2025-03-09 12:08:53.063293+01
13	auth	0011_update_proxy_permissions	2025-03-09 12:08:53.067135+01
14	auth	0012_alter_user_first_name_max_length	2025-03-09 12:08:53.071299+01
15	TaskFlow	0001_initial	2025-03-09 12:08:53.202698+01
16	admin	0001_initial	2025-03-09 12:08:53.217696+01
17	admin	0002_logentry_remove_auto_add	2025-03-09 12:08:53.227554+01
18	admin	0003_logentry_add_action_flag_choices	2025-03-09 12:08:53.236155+01
19	sessions	0001_initial	2025-03-09 12:08:53.241773+01
\.


--
-- Data for Name: django_session; Type: TABLE DATA; Schema: public; Owner: postgres
--

COPY public.django_session (session_key, session_data, expire_date) FROM stdin;
9vzluygvv9m356cppyl75je64apadg66	.eJxVjDsOwjAUBO_iGln-xB8o6XMGa20_4wBypDipEHeHSCmg3ZnZFwvY1hq2TkuYMrswyU6_W0R6UNtBvqPdZp7mti5T5LvCD9r5OGd6Xg_376Ci12-dYEgkpzUpn0AE7QeyAl5mjaiKA1kDWBHLYKQ3MMWfoeBEEV44Yu8PB-A4gA:1trPgp:eFsTihvHr15mL4Ky1sajpP_c2zZd_LBc1th0lkhYDtg	2025-03-24 00:04:11.648903+01
\.


--
-- Name: TaskFlow_comentario_id_seq; Type: SEQUENCE SET; Schema: public; Owner: postgres
--

SELECT pg_catalog.setval('public."TaskFlow_comentario_id_seq"', 1, false);


--
-- Name: TaskFlow_grupo_id_seq; Type: SEQUENCE SET; Schema: public; Owner: postgres
--

SELECT pg_catalog.setval('public."TaskFlow_grupo_id_seq"', 1, false);


--
-- Name: TaskFlow_grupo_usuarios_id_seq; Type: SEQUENCE SET; Schema: public; Owner: postgres
--

SELECT pg_catalog.setval('public."TaskFlow_grupo_usuarios_id_seq"', 1, false);


--
-- Name: TaskFlow_mensaje_id_seq; Type: SEQUENCE SET; Schema: public; Owner: postgres
--

SELECT pg_catalog.setval('public."TaskFlow_mensaje_id_seq"', 1, false);


--
-- Name: TaskFlow_notificacion_id_seq; Type: SEQUENCE SET; Schema: public; Owner: postgres
--

SELECT pg_catalog.setval('public."TaskFlow_notificacion_id_seq"', 7, true);


--
-- Name: TaskFlow_proyecto_id_seq; Type: SEQUENCE SET; Schema: public; Owner: postgres
--

SELECT pg_catalog.setval('public."TaskFlow_proyecto_id_seq"', 3, true);


--
-- Name: TaskFlow_proyecto_usuarios_id_seq; Type: SEQUENCE SET; Schema: public; Owner: postgres
--

SELECT pg_catalog.setval('public."TaskFlow_proyecto_usuarios_id_seq"', 4, true);


--
-- Name: TaskFlow_rol_id_seq; Type: SEQUENCE SET; Schema: public; Owner: postgres
--

SELECT pg_catalog.setval('public."TaskFlow_rol_id_seq"', 1, false);


--
-- Name: TaskFlow_tarea_id_seq; Type: SEQUENCE SET; Schema: public; Owner: postgres
--

SELECT pg_catalog.setval('public."TaskFlow_tarea_id_seq"', 8, true);


--
-- Name: TaskFlow_tarea_usuarios_asignados_id_seq; Type: SEQUENCE SET; Schema: public; Owner: postgres
--

SELECT pg_catalog.setval('public."TaskFlow_tarea_usuarios_asignados_id_seq"', 9, true);


--
-- Name: TaskFlow_usuario_groups_id_seq; Type: SEQUENCE SET; Schema: public; Owner: postgres
--

SELECT pg_catalog.setval('public."TaskFlow_usuario_groups_id_seq"', 1, false);


--
-- Name: TaskFlow_usuario_id_seq; Type: SEQUENCE SET; Schema: public; Owner: postgres
--

SELECT pg_catalog.setval('public."TaskFlow_usuario_id_seq"', 2, true);


--
-- Name: TaskFlow_usuario_user_permissions_id_seq; Type: SEQUENCE SET; Schema: public; Owner: postgres
--

SELECT pg_catalog.setval('public."TaskFlow_usuario_user_permissions_id_seq"', 1, false);


--
-- Name: auth_group_id_seq; Type: SEQUENCE SET; Schema: public; Owner: postgres
--

SELECT pg_catalog.setval('public.auth_group_id_seq', 1, false);


--
-- Name: auth_group_permissions_id_seq; Type: SEQUENCE SET; Schema: public; Owner: postgres
--

SELECT pg_catalog.setval('public.auth_group_permissions_id_seq', 1, false);


--
-- Name: auth_permission_id_seq; Type: SEQUENCE SET; Schema: public; Owner: postgres
--

SELECT pg_catalog.setval('public.auth_permission_id_seq', 52, true);


--
-- Name: django_admin_log_id_seq; Type: SEQUENCE SET; Schema: public; Owner: postgres
--

SELECT pg_catalog.setval('public.django_admin_log_id_seq', 1, false);


--
-- Name: django_content_type_id_seq; Type: SEQUENCE SET; Schema: public; Owner: postgres
--

SELECT pg_catalog.setval('public.django_content_type_id_seq', 13, true);


--
-- Name: django_migrations_id_seq; Type: SEQUENCE SET; Schema: public; Owner: postgres
--

SELECT pg_catalog.setval('public.django_migrations_id_seq', 19, true);


--
-- Name: TaskFlow_comentario TaskFlow_comentario_pkey; Type: CONSTRAINT; Schema: public; Owner: postgres
--

ALTER TABLE ONLY public."TaskFlow_comentario"
    ADD CONSTRAINT "TaskFlow_comentario_pkey" PRIMARY KEY (id);


--
-- Name: TaskFlow_grupo TaskFlow_grupo_pkey; Type: CONSTRAINT; Schema: public; Owner: postgres
--

ALTER TABLE ONLY public."TaskFlow_grupo"
    ADD CONSTRAINT "TaskFlow_grupo_pkey" PRIMARY KEY (id);


--
-- Name: TaskFlow_grupo_usuarios TaskFlow_grupo_usuarios_grupo_id_usuario_id_7f197733_uniq; Type: CONSTRAINT; Schema: public; Owner: postgres
--

ALTER TABLE ONLY public."TaskFlow_grupo_usuarios"
    ADD CONSTRAINT "TaskFlow_grupo_usuarios_grupo_id_usuario_id_7f197733_uniq" UNIQUE (grupo_id, usuario_id);


--
-- Name: TaskFlow_grupo_usuarios TaskFlow_grupo_usuarios_pkey; Type: CONSTRAINT; Schema: public; Owner: postgres
--

ALTER TABLE ONLY public."TaskFlow_grupo_usuarios"
    ADD CONSTRAINT "TaskFlow_grupo_usuarios_pkey" PRIMARY KEY (id);


--
-- Name: TaskFlow_mensaje TaskFlow_mensaje_pkey; Type: CONSTRAINT; Schema: public; Owner: postgres
--

ALTER TABLE ONLY public."TaskFlow_mensaje"
    ADD CONSTRAINT "TaskFlow_mensaje_pkey" PRIMARY KEY (id);


--
-- Name: TaskFlow_notificacion TaskFlow_notificacion_pkey; Type: CONSTRAINT; Schema: public; Owner: postgres
--

ALTER TABLE ONLY public."TaskFlow_notificacion"
    ADD CONSTRAINT "TaskFlow_notificacion_pkey" PRIMARY KEY (id);


--
-- Name: TaskFlow_proyecto TaskFlow_proyecto_pkey; Type: CONSTRAINT; Schema: public; Owner: postgres
--

ALTER TABLE ONLY public."TaskFlow_proyecto"
    ADD CONSTRAINT "TaskFlow_proyecto_pkey" PRIMARY KEY (id);


--
-- Name: TaskFlow_proyecto_usuarios TaskFlow_proyecto_usuarios_pkey; Type: CONSTRAINT; Schema: public; Owner: postgres
--

ALTER TABLE ONLY public."TaskFlow_proyecto_usuarios"
    ADD CONSTRAINT "TaskFlow_proyecto_usuarios_pkey" PRIMARY KEY (id);


--
-- Name: TaskFlow_proyecto_usuarios TaskFlow_proyecto_usuarios_proyecto_id_usuario_id_0d3e4fa1_uniq; Type: CONSTRAINT; Schema: public; Owner: postgres
--

ALTER TABLE ONLY public."TaskFlow_proyecto_usuarios"
    ADD CONSTRAINT "TaskFlow_proyecto_usuarios_proyecto_id_usuario_id_0d3e4fa1_uniq" UNIQUE (proyecto_id, usuario_id);


--
-- Name: TaskFlow_rol TaskFlow_rol_nombre_key; Type: CONSTRAINT; Schema: public; Owner: postgres
--

ALTER TABLE ONLY public."TaskFlow_rol"
    ADD CONSTRAINT "TaskFlow_rol_nombre_key" UNIQUE (nombre);


--
-- Name: TaskFlow_rol TaskFlow_rol_pkey; Type: CONSTRAINT; Schema: public; Owner: postgres
--

ALTER TABLE ONLY public."TaskFlow_rol"
    ADD CONSTRAINT "TaskFlow_rol_pkey" PRIMARY KEY (id);


--
-- Name: TaskFlow_tarea TaskFlow_tarea_pkey; Type: CONSTRAINT; Schema: public; Owner: postgres
--

ALTER TABLE ONLY public."TaskFlow_tarea"
    ADD CONSTRAINT "TaskFlow_tarea_pkey" PRIMARY KEY (id);


--
-- Name: TaskFlow_tarea_usuarios_asignados TaskFlow_tarea_usuarios__tarea_id_usuario_id_5c2c17eb_uniq; Type: CONSTRAINT; Schema: public; Owner: postgres
--

ALTER TABLE ONLY public."TaskFlow_tarea_usuarios_asignados"
    ADD CONSTRAINT "TaskFlow_tarea_usuarios__tarea_id_usuario_id_5c2c17eb_uniq" UNIQUE (tarea_id, usuario_id);


--
-- Name: TaskFlow_tarea_usuarios_asignados TaskFlow_tarea_usuarios_asignados_pkey; Type: CONSTRAINT; Schema: public; Owner: postgres
--

ALTER TABLE ONLY public."TaskFlow_tarea_usuarios_asignados"
    ADD CONSTRAINT "TaskFlow_tarea_usuarios_asignados_pkey" PRIMARY KEY (id);


--
-- Name: TaskFlow_usuario_groups TaskFlow_usuario_groups_pkey; Type: CONSTRAINT; Schema: public; Owner: postgres
--

ALTER TABLE ONLY public."TaskFlow_usuario_groups"
    ADD CONSTRAINT "TaskFlow_usuario_groups_pkey" PRIMARY KEY (id);


--
-- Name: TaskFlow_usuario_groups TaskFlow_usuario_groups_usuario_id_group_id_db4787ab_uniq; Type: CONSTRAINT; Schema: public; Owner: postgres
--

ALTER TABLE ONLY public."TaskFlow_usuario_groups"
    ADD CONSTRAINT "TaskFlow_usuario_groups_usuario_id_group_id_db4787ab_uniq" UNIQUE (usuario_id, group_id);


--
-- Name: TaskFlow_usuario TaskFlow_usuario_pkey; Type: CONSTRAINT; Schema: public; Owner: postgres
--

ALTER TABLE ONLY public."TaskFlow_usuario"
    ADD CONSTRAINT "TaskFlow_usuario_pkey" PRIMARY KEY (id);


--
-- Name: TaskFlow_usuario_user_permissions TaskFlow_usuario_user_pe_usuario_id_permission_id_f0ffc31e_uniq; Type: CONSTRAINT; Schema: public; Owner: postgres
--

ALTER TABLE ONLY public."TaskFlow_usuario_user_permissions"
    ADD CONSTRAINT "TaskFlow_usuario_user_pe_usuario_id_permission_id_f0ffc31e_uniq" UNIQUE (usuario_id, permission_id);


--
-- Name: TaskFlow_usuario_user_permissions TaskFlow_usuario_user_permissions_pkey; Type: CONSTRAINT; Schema: public; Owner: postgres
--

ALTER TABLE ONLY public."TaskFlow_usuario_user_permissions"
    ADD CONSTRAINT "TaskFlow_usuario_user_permissions_pkey" PRIMARY KEY (id);


--
-- Name: TaskFlow_usuario TaskFlow_usuario_username_key; Type: CONSTRAINT; Schema: public; Owner: postgres
--

ALTER TABLE ONLY public."TaskFlow_usuario"
    ADD CONSTRAINT "TaskFlow_usuario_username_key" UNIQUE (username);


--
-- Name: auth_group auth_group_name_key; Type: CONSTRAINT; Schema: public; Owner: postgres
--

ALTER TABLE ONLY public.auth_group
    ADD CONSTRAINT auth_group_name_key UNIQUE (name);


--
-- Name: auth_group_permissions auth_group_permissions_group_id_permission_id_0cd325b0_uniq; Type: CONSTRAINT; Schema: public; Owner: postgres
--

ALTER TABLE ONLY public.auth_group_permissions
    ADD CONSTRAINT auth_group_permissions_group_id_permission_id_0cd325b0_uniq UNIQUE (group_id, permission_id);


--
-- Name: auth_group_permissions auth_group_permissions_pkey; Type: CONSTRAINT; Schema: public; Owner: postgres
--

ALTER TABLE ONLY public.auth_group_permissions
    ADD CONSTRAINT auth_group_permissions_pkey PRIMARY KEY (id);


--
-- Name: auth_group auth_group_pkey; Type: CONSTRAINT; Schema: public; Owner: postgres
--

ALTER TABLE ONLY public.auth_group
    ADD CONSTRAINT auth_group_pkey PRIMARY KEY (id);


--
-- Name: auth_permission auth_permission_content_type_id_codename_01ab375a_uniq; Type: CONSTRAINT; Schema: public; Owner: postgres
--

ALTER TABLE ONLY public.auth_permission
    ADD CONSTRAINT auth_permission_content_type_id_codename_01ab375a_uniq UNIQUE (content_type_id, codename);


--
-- Name: auth_permission auth_permission_pkey; Type: CONSTRAINT; Schema: public; Owner: postgres
--

ALTER TABLE ONLY public.auth_permission
    ADD CONSTRAINT auth_permission_pkey PRIMARY KEY (id);


--
-- Name: django_admin_log django_admin_log_pkey; Type: CONSTRAINT; Schema: public; Owner: postgres
--

ALTER TABLE ONLY public.django_admin_log
    ADD CONSTRAINT django_admin_log_pkey PRIMARY KEY (id);


--
-- Name: django_content_type django_content_type_app_label_model_76bd3d3b_uniq; Type: CONSTRAINT; Schema: public; Owner: postgres
--

ALTER TABLE ONLY public.django_content_type
    ADD CONSTRAINT django_content_type_app_label_model_76bd3d3b_uniq UNIQUE (app_label, model);


--
-- Name: django_content_type django_content_type_pkey; Type: CONSTRAINT; Schema: public; Owner: postgres
--

ALTER TABLE ONLY public.django_content_type
    ADD CONSTRAINT django_content_type_pkey PRIMARY KEY (id);


--
-- Name: django_migrations django_migrations_pkey; Type: CONSTRAINT; Schema: public; Owner: postgres
--

ALTER TABLE ONLY public.django_migrations
    ADD CONSTRAINT django_migrations_pkey PRIMARY KEY (id);


--
-- Name: django_session django_session_pkey; Type: CONSTRAINT; Schema: public; Owner: postgres
--

ALTER TABLE ONLY public.django_session
    ADD CONSTRAINT django_session_pkey PRIMARY KEY (session_key);


--
-- Name: TaskFlow_comentario_tarea_id_4eef40f9; Type: INDEX; Schema: public; Owner: postgres
--

CREATE INDEX "TaskFlow_comentario_tarea_id_4eef40f9" ON public."TaskFlow_comentario" USING btree (tarea_id);


--
-- Name: TaskFlow_comentario_usuario_id_6f18c263; Type: INDEX; Schema: public; Owner: postgres
--

CREATE INDEX "TaskFlow_comentario_usuario_id_6f18c263" ON public."TaskFlow_comentario" USING btree (usuario_id);


--
-- Name: TaskFlow_grupo_proyecto_id_e7db1ad0; Type: INDEX; Schema: public; Owner: postgres
--

CREATE INDEX "TaskFlow_grupo_proyecto_id_e7db1ad0" ON public."TaskFlow_grupo" USING btree (proyecto_id);


--
-- Name: TaskFlow_grupo_usuarios_grupo_id_0ed177e4; Type: INDEX; Schema: public; Owner: postgres
--

CREATE INDEX "TaskFlow_grupo_usuarios_grupo_id_0ed177e4" ON public."TaskFlow_grupo_usuarios" USING btree (grupo_id);


--
-- Name: TaskFlow_grupo_usuarios_usuario_id_add83c15; Type: INDEX; Schema: public; Owner: postgres
--

CREATE INDEX "TaskFlow_grupo_usuarios_usuario_id_add83c15" ON public."TaskFlow_grupo_usuarios" USING btree (usuario_id);


--
-- Name: TaskFlow_mensaje_grupo_id_30b032a7; Type: INDEX; Schema: public; Owner: postgres
--

CREATE INDEX "TaskFlow_mensaje_grupo_id_30b032a7" ON public."TaskFlow_mensaje" USING btree (grupo_id);


--
-- Name: TaskFlow_mensaje_usuario_emisor_id_2fc2667f; Type: INDEX; Schema: public; Owner: postgres
--

CREATE INDEX "TaskFlow_mensaje_usuario_emisor_id_2fc2667f" ON public."TaskFlow_mensaje" USING btree (usuario_emisor_id);


--
-- Name: TaskFlow_mensaje_usuario_receptor_id_0a9ccace; Type: INDEX; Schema: public; Owner: postgres
--

CREATE INDEX "TaskFlow_mensaje_usuario_receptor_id_0a9ccace" ON public."TaskFlow_mensaje" USING btree (usuario_receptor_id);


--
-- Name: TaskFlow_notificacion_usuario_id_7ff4479b; Type: INDEX; Schema: public; Owner: postgres
--

CREATE INDEX "TaskFlow_notificacion_usuario_id_7ff4479b" ON public."TaskFlow_notificacion" USING btree (usuario_id);


--
-- Name: TaskFlow_proyecto_usuarios_proyecto_id_a8a0e4af; Type: INDEX; Schema: public; Owner: postgres
--

CREATE INDEX "TaskFlow_proyecto_usuarios_proyecto_id_a8a0e4af" ON public."TaskFlow_proyecto_usuarios" USING btree (proyecto_id);


--
-- Name: TaskFlow_proyecto_usuarios_usuario_id_cd8d5a13; Type: INDEX; Schema: public; Owner: postgres
--

CREATE INDEX "TaskFlow_proyecto_usuarios_usuario_id_cd8d5a13" ON public."TaskFlow_proyecto_usuarios" USING btree (usuario_id);


--
-- Name: TaskFlow_rol_nombre_0b9d24e8_like; Type: INDEX; Schema: public; Owner: postgres
--

CREATE INDEX "TaskFlow_rol_nombre_0b9d24e8_like" ON public."TaskFlow_rol" USING btree (nombre varchar_pattern_ops);


--
-- Name: TaskFlow_tarea_asignado_a_id_a38e3e30; Type: INDEX; Schema: public; Owner: postgres
--

CREATE INDEX "TaskFlow_tarea_asignado_a_id_a38e3e30" ON public."TaskFlow_tarea" USING btree (asignado_a_id);


--
-- Name: TaskFlow_tarea_proyecto_id_f2b4c908; Type: INDEX; Schema: public; Owner: postgres
--

CREATE INDEX "TaskFlow_tarea_proyecto_id_f2b4c908" ON public."TaskFlow_tarea" USING btree (proyecto_id);


--
-- Name: TaskFlow_tarea_usuarios_asignados_tarea_id_06c8d4b9; Type: INDEX; Schema: public; Owner: postgres
--

CREATE INDEX "TaskFlow_tarea_usuarios_asignados_tarea_id_06c8d4b9" ON public."TaskFlow_tarea_usuarios_asignados" USING btree (tarea_id);


--
-- Name: TaskFlow_tarea_usuarios_asignados_usuario_id_89af2fb0; Type: INDEX; Schema: public; Owner: postgres
--

CREATE INDEX "TaskFlow_tarea_usuarios_asignados_usuario_id_89af2fb0" ON public."TaskFlow_tarea_usuarios_asignados" USING btree (usuario_id);


--
-- Name: TaskFlow_usuario_groups_group_id_ff578364; Type: INDEX; Schema: public; Owner: postgres
--

CREATE INDEX "TaskFlow_usuario_groups_group_id_ff578364" ON public."TaskFlow_usuario_groups" USING btree (group_id);


--
-- Name: TaskFlow_usuario_groups_usuario_id_7fc0cb62; Type: INDEX; Schema: public; Owner: postgres
--

CREATE INDEX "TaskFlow_usuario_groups_usuario_id_7fc0cb62" ON public."TaskFlow_usuario_groups" USING btree (usuario_id);


--
-- Name: TaskFlow_usuario_user_permissions_permission_id_88bd35a0; Type: INDEX; Schema: public; Owner: postgres
--

CREATE INDEX "TaskFlow_usuario_user_permissions_permission_id_88bd35a0" ON public."TaskFlow_usuario_user_permissions" USING btree (permission_id);


--
-- Name: TaskFlow_usuario_user_permissions_usuario_id_88c51817; Type: INDEX; Schema: public; Owner: postgres
--

CREATE INDEX "TaskFlow_usuario_user_permissions_usuario_id_88c51817" ON public."TaskFlow_usuario_user_permissions" USING btree (usuario_id);


--
-- Name: TaskFlow_usuario_username_72eda467_like; Type: INDEX; Schema: public; Owner: postgres
--

CREATE INDEX "TaskFlow_usuario_username_72eda467_like" ON public."TaskFlow_usuario" USING btree (username varchar_pattern_ops);


--
-- Name: auth_group_name_a6ea08ec_like; Type: INDEX; Schema: public; Owner: postgres
--

CREATE INDEX auth_group_name_a6ea08ec_like ON public.auth_group USING btree (name varchar_pattern_ops);


--
-- Name: auth_group_permissions_group_id_b120cbf9; Type: INDEX; Schema: public; Owner: postgres
--

CREATE INDEX auth_group_permissions_group_id_b120cbf9 ON public.auth_group_permissions USING btree (group_id);


--
-- Name: auth_group_permissions_permission_id_84c5c92e; Type: INDEX; Schema: public; Owner: postgres
--

CREATE INDEX auth_group_permissions_permission_id_84c5c92e ON public.auth_group_permissions USING btree (permission_id);


--
-- Name: auth_permission_content_type_id_2f476e4b; Type: INDEX; Schema: public; Owner: postgres
--

CREATE INDEX auth_permission_content_type_id_2f476e4b ON public.auth_permission USING btree (content_type_id);


--
-- Name: django_admin_log_content_type_id_c4bce8eb; Type: INDEX; Schema: public; Owner: postgres
--

CREATE INDEX django_admin_log_content_type_id_c4bce8eb ON public.django_admin_log USING btree (content_type_id);


--
-- Name: django_admin_log_user_id_c564eba6; Type: INDEX; Schema: public; Owner: postgres
--

CREATE INDEX django_admin_log_user_id_c564eba6 ON public.django_admin_log USING btree (user_id);


--
-- Name: django_session_expire_date_a5c62663; Type: INDEX; Schema: public; Owner: postgres
--

CREATE INDEX django_session_expire_date_a5c62663 ON public.django_session USING btree (expire_date);


--
-- Name: django_session_session_key_c0390e0f_like; Type: INDEX; Schema: public; Owner: postgres
--

CREATE INDEX django_session_session_key_c0390e0f_like ON public.django_session USING btree (session_key varchar_pattern_ops);


--
-- Name: TaskFlow_comentario TaskFlow_comentario_tarea_id_4eef40f9_fk_TaskFlow_tarea_id; Type: FK CONSTRAINT; Schema: public; Owner: postgres
--

ALTER TABLE ONLY public."TaskFlow_comentario"
    ADD CONSTRAINT "TaskFlow_comentario_tarea_id_4eef40f9_fk_TaskFlow_tarea_id" FOREIGN KEY (tarea_id) REFERENCES public."TaskFlow_tarea"(id) DEFERRABLE INITIALLY DEFERRED;


--
-- Name: TaskFlow_comentario TaskFlow_comentario_usuario_id_6f18c263_fk_TaskFlow_usuario_id; Type: FK CONSTRAINT; Schema: public; Owner: postgres
--

ALTER TABLE ONLY public."TaskFlow_comentario"
    ADD CONSTRAINT "TaskFlow_comentario_usuario_id_6f18c263_fk_TaskFlow_usuario_id" FOREIGN KEY (usuario_id) REFERENCES public."TaskFlow_usuario"(id) DEFERRABLE INITIALLY DEFERRED;


--
-- Name: TaskFlow_grupo TaskFlow_grupo_proyecto_id_e7db1ad0_fk_TaskFlow_proyecto_id; Type: FK CONSTRAINT; Schema: public; Owner: postgres
--

ALTER TABLE ONLY public."TaskFlow_grupo"
    ADD CONSTRAINT "TaskFlow_grupo_proyecto_id_e7db1ad0_fk_TaskFlow_proyecto_id" FOREIGN KEY (proyecto_id) REFERENCES public."TaskFlow_proyecto"(id) DEFERRABLE INITIALLY DEFERRED;


--
-- Name: TaskFlow_grupo_usuarios TaskFlow_grupo_usuar_usuario_id_add83c15_fk_TaskFlow_; Type: FK CONSTRAINT; Schema: public; Owner: postgres
--

ALTER TABLE ONLY public."TaskFlow_grupo_usuarios"
    ADD CONSTRAINT "TaskFlow_grupo_usuar_usuario_id_add83c15_fk_TaskFlow_" FOREIGN KEY (usuario_id) REFERENCES public."TaskFlow_usuario"(id) DEFERRABLE INITIALLY DEFERRED;


--
-- Name: TaskFlow_grupo_usuarios TaskFlow_grupo_usuarios_grupo_id_0ed177e4_fk_TaskFlow_grupo_id; Type: FK CONSTRAINT; Schema: public; Owner: postgres
--

ALTER TABLE ONLY public."TaskFlow_grupo_usuarios"
    ADD CONSTRAINT "TaskFlow_grupo_usuarios_grupo_id_0ed177e4_fk_TaskFlow_grupo_id" FOREIGN KEY (grupo_id) REFERENCES public."TaskFlow_grupo"(id) DEFERRABLE INITIALLY DEFERRED;


--
-- Name: TaskFlow_mensaje TaskFlow_mensaje_grupo_id_30b032a7_fk_TaskFlow_grupo_id; Type: FK CONSTRAINT; Schema: public; Owner: postgres
--

ALTER TABLE ONLY public."TaskFlow_mensaje"
    ADD CONSTRAINT "TaskFlow_mensaje_grupo_id_30b032a7_fk_TaskFlow_grupo_id" FOREIGN KEY (grupo_id) REFERENCES public."TaskFlow_grupo"(id) DEFERRABLE INITIALLY DEFERRED;


--
-- Name: TaskFlow_mensaje TaskFlow_mensaje_usuario_emisor_id_2fc2667f_fk_TaskFlow_; Type: FK CONSTRAINT; Schema: public; Owner: postgres
--

ALTER TABLE ONLY public."TaskFlow_mensaje"
    ADD CONSTRAINT "TaskFlow_mensaje_usuario_emisor_id_2fc2667f_fk_TaskFlow_" FOREIGN KEY (usuario_emisor_id) REFERENCES public."TaskFlow_usuario"(id) DEFERRABLE INITIALLY DEFERRED;


--
-- Name: TaskFlow_mensaje TaskFlow_mensaje_usuario_receptor_id_0a9ccace_fk_TaskFlow_; Type: FK CONSTRAINT; Schema: public; Owner: postgres
--

ALTER TABLE ONLY public."TaskFlow_mensaje"
    ADD CONSTRAINT "TaskFlow_mensaje_usuario_receptor_id_0a9ccace_fk_TaskFlow_" FOREIGN KEY (usuario_receptor_id) REFERENCES public."TaskFlow_usuario"(id) DEFERRABLE INITIALLY DEFERRED;


--
-- Name: TaskFlow_notificacion TaskFlow_notificacio_usuario_id_7ff4479b_fk_TaskFlow_; Type: FK CONSTRAINT; Schema: public; Owner: postgres
--

ALTER TABLE ONLY public."TaskFlow_notificacion"
    ADD CONSTRAINT "TaskFlow_notificacio_usuario_id_7ff4479b_fk_TaskFlow_" FOREIGN KEY (usuario_id) REFERENCES public."TaskFlow_usuario"(id) DEFERRABLE INITIALLY DEFERRED;


--
-- Name: TaskFlow_proyecto_usuarios TaskFlow_proyecto_us_proyecto_id_a8a0e4af_fk_TaskFlow_; Type: FK CONSTRAINT; Schema: public; Owner: postgres
--

ALTER TABLE ONLY public."TaskFlow_proyecto_usuarios"
    ADD CONSTRAINT "TaskFlow_proyecto_us_proyecto_id_a8a0e4af_fk_TaskFlow_" FOREIGN KEY (proyecto_id) REFERENCES public."TaskFlow_proyecto"(id) DEFERRABLE INITIALLY DEFERRED;


--
-- Name: TaskFlow_proyecto_usuarios TaskFlow_proyecto_us_usuario_id_cd8d5a13_fk_TaskFlow_; Type: FK CONSTRAINT; Schema: public; Owner: postgres
--

ALTER TABLE ONLY public."TaskFlow_proyecto_usuarios"
    ADD CONSTRAINT "TaskFlow_proyecto_us_usuario_id_cd8d5a13_fk_TaskFlow_" FOREIGN KEY (usuario_id) REFERENCES public."TaskFlow_usuario"(id) DEFERRABLE INITIALLY DEFERRED;


--
-- Name: TaskFlow_tarea TaskFlow_tarea_asignado_a_id_a38e3e30_fk_TaskFlow_usuario_id; Type: FK CONSTRAINT; Schema: public; Owner: postgres
--

ALTER TABLE ONLY public."TaskFlow_tarea"
    ADD CONSTRAINT "TaskFlow_tarea_asignado_a_id_a38e3e30_fk_TaskFlow_usuario_id" FOREIGN KEY (asignado_a_id) REFERENCES public."TaskFlow_usuario"(id) DEFERRABLE INITIALLY DEFERRED;


--
-- Name: TaskFlow_tarea TaskFlow_tarea_proyecto_id_f2b4c908_fk_TaskFlow_proyecto_id; Type: FK CONSTRAINT; Schema: public; Owner: postgres
--

ALTER TABLE ONLY public."TaskFlow_tarea"
    ADD CONSTRAINT "TaskFlow_tarea_proyecto_id_f2b4c908_fk_TaskFlow_proyecto_id" FOREIGN KEY (proyecto_id) REFERENCES public."TaskFlow_proyecto"(id) DEFERRABLE INITIALLY DEFERRED;


--
-- Name: TaskFlow_tarea_usuarios_asignados TaskFlow_tarea_usuar_tarea_id_06c8d4b9_fk_TaskFlow_; Type: FK CONSTRAINT; Schema: public; Owner: postgres
--

ALTER TABLE ONLY public."TaskFlow_tarea_usuarios_asignados"
    ADD CONSTRAINT "TaskFlow_tarea_usuar_tarea_id_06c8d4b9_fk_TaskFlow_" FOREIGN KEY (tarea_id) REFERENCES public."TaskFlow_tarea"(id) DEFERRABLE INITIALLY DEFERRED;


--
-- Name: TaskFlow_tarea_usuarios_asignados TaskFlow_tarea_usuar_usuario_id_89af2fb0_fk_TaskFlow_; Type: FK CONSTRAINT; Schema: public; Owner: postgres
--

ALTER TABLE ONLY public."TaskFlow_tarea_usuarios_asignados"
    ADD CONSTRAINT "TaskFlow_tarea_usuar_usuario_id_89af2fb0_fk_TaskFlow_" FOREIGN KEY (usuario_id) REFERENCES public."TaskFlow_usuario"(id) DEFERRABLE INITIALLY DEFERRED;


--
-- Name: TaskFlow_usuario_groups TaskFlow_usuario_gro_usuario_id_7fc0cb62_fk_TaskFlow_; Type: FK CONSTRAINT; Schema: public; Owner: postgres
--

ALTER TABLE ONLY public."TaskFlow_usuario_groups"
    ADD CONSTRAINT "TaskFlow_usuario_gro_usuario_id_7fc0cb62_fk_TaskFlow_" FOREIGN KEY (usuario_id) REFERENCES public."TaskFlow_usuario"(id) DEFERRABLE INITIALLY DEFERRED;


--
-- Name: TaskFlow_usuario_groups TaskFlow_usuario_groups_group_id_ff578364_fk_auth_group_id; Type: FK CONSTRAINT; Schema: public; Owner: postgres
--

ALTER TABLE ONLY public."TaskFlow_usuario_groups"
    ADD CONSTRAINT "TaskFlow_usuario_groups_group_id_ff578364_fk_auth_group_id" FOREIGN KEY (group_id) REFERENCES public.auth_group(id) DEFERRABLE INITIALLY DEFERRED;


--
-- Name: TaskFlow_usuario_user_permissions TaskFlow_usuario_use_permission_id_88bd35a0_fk_auth_perm; Type: FK CONSTRAINT; Schema: public; Owner: postgres
--

ALTER TABLE ONLY public."TaskFlow_usuario_user_permissions"
    ADD CONSTRAINT "TaskFlow_usuario_use_permission_id_88bd35a0_fk_auth_perm" FOREIGN KEY (permission_id) REFERENCES public.auth_permission(id) DEFERRABLE INITIALLY DEFERRED;


--
-- Name: TaskFlow_usuario_user_permissions TaskFlow_usuario_use_usuario_id_88c51817_fk_TaskFlow_; Type: FK CONSTRAINT; Schema: public; Owner: postgres
--

ALTER TABLE ONLY public."TaskFlow_usuario_user_permissions"
    ADD CONSTRAINT "TaskFlow_usuario_use_usuario_id_88c51817_fk_TaskFlow_" FOREIGN KEY (usuario_id) REFERENCES public."TaskFlow_usuario"(id) DEFERRABLE INITIALLY DEFERRED;


--
-- Name: auth_group_permissions auth_group_permissio_permission_id_84c5c92e_fk_auth_perm; Type: FK CONSTRAINT; Schema: public; Owner: postgres
--

ALTER TABLE ONLY public.auth_group_permissions
    ADD CONSTRAINT auth_group_permissio_permission_id_84c5c92e_fk_auth_perm FOREIGN KEY (permission_id) REFERENCES public.auth_permission(id) DEFERRABLE INITIALLY DEFERRED;


--
-- Name: auth_group_permissions auth_group_permissions_group_id_b120cbf9_fk_auth_group_id; Type: FK CONSTRAINT; Schema: public; Owner: postgres
--

ALTER TABLE ONLY public.auth_group_permissions
    ADD CONSTRAINT auth_group_permissions_group_id_b120cbf9_fk_auth_group_id FOREIGN KEY (group_id) REFERENCES public.auth_group(id) DEFERRABLE INITIALLY DEFERRED;


--
-- Name: auth_permission auth_permission_content_type_id_2f476e4b_fk_django_co; Type: FK CONSTRAINT; Schema: public; Owner: postgres
--

ALTER TABLE ONLY public.auth_permission
    ADD CONSTRAINT auth_permission_content_type_id_2f476e4b_fk_django_co FOREIGN KEY (content_type_id) REFERENCES public.django_content_type(id) DEFERRABLE INITIALLY DEFERRED;


--
-- Name: django_admin_log django_admin_log_content_type_id_c4bce8eb_fk_django_co; Type: FK CONSTRAINT; Schema: public; Owner: postgres
--

ALTER TABLE ONLY public.django_admin_log
    ADD CONSTRAINT django_admin_log_content_type_id_c4bce8eb_fk_django_co FOREIGN KEY (content_type_id) REFERENCES public.django_content_type(id) DEFERRABLE INITIALLY DEFERRED;


--
-- Name: django_admin_log django_admin_log_user_id_c564eba6_fk_TaskFlow_usuario_id; Type: FK CONSTRAINT; Schema: public; Owner: postgres
--

ALTER TABLE ONLY public.django_admin_log
    ADD CONSTRAINT "django_admin_log_user_id_c564eba6_fk_TaskFlow_usuario_id" FOREIGN KEY (user_id) REFERENCES public."TaskFlow_usuario"(id) DEFERRABLE INITIALLY DEFERRED;


--
-- PostgreSQL database dump complete
--

